name,slug,category,religion,denomination,school_type,grade_range,lowest_grade,highest_grade,address,city,county,state,zip,phone,website,total_enrollment,k12_enrollment,student_teacher_ratio,listing_status,source,source_id,needs_review,notes
91St Psalm Christian School,91st-psalm-christian-school-phoenix-az,Christian School,Other religious,Christian (no specific denomination),Regular,PK-UG,PK,UG,2020 E Baseline Rd,Phoenix,Maricopa,AZ,85042,(602) 243-1900,,209,190,11.17,Unverified,NCES PSS 2023-24 private school search export,A9700074,,Website missing in NCES export; school should claim/update profile.
Adobe Adventist Christian School,adobe-adventist-christian-school-mesa-az,Christian School,Other religious,Other Christian/Religious,Regular,K-9,K,9,9910 E Adobe Rd,Mesa,Maricopa,AZ,85207,(176) 068-8677,,12,12,12,Unverified,NCES PSS 2023-24 private school search export,A1900086,Yes,Website missing in NCES export; school should claim/update profile.
All Saints Catholic School,all-saints-catholic-school-sierra-vista-az,Christian School,Catholic,Roman Catholic,Regular,PK-9,PK,9,1425 Yaqui St,Sierra Vista,Cochise,AZ,85650,(520) 378-7012,,102,93,10.33,Unverified,NCES PSS 2023-24 private school search export,A1900088,,Website missing in NCES export; school should claim/update profile.
American Indian Christian Misson School,american-indian-christian-misson-school-show-low-az,Christian School,Other religious,Christian (no specific denomination),Regular,3-12,3,12,924 Mission Ln,Show Low,Navajo,AZ,85901,(928) 537-5912,,17,17,2.83,Unverified,NCES PSS 2023-24 private school search export,A9700082,,Website missing in NCES export; school should claim/update profile.
Annunciation Catholic School,annunciation-catholic-school-cave-creek-az,Christian School,Catholic,Roman Catholic,Regular,K-9,K,9,32648 N Cave Creek Rd,Cave Creek,Maricopa,AZ,85331,(480) 361-8234,,245,245,15.5,Unverified,NCES PSS 2023-24 private school search export,A1100025,,Website missing in NCES export; school should claim/update profile.
Apache Baptist Academy,apache-baptist-academy-bylas-az,Christian School,Other religious,Baptist,Regular,2-8,2,8,"Wickiup Villiage, Ste E",Bylas,Graham,AZ,85530,(928) 961-0270,,7,7,3.5,Unverified,NCES PSS 2023-24 private school search export,A1900091,,Website missing in NCES export; school should claim/update profile.
Arizona Lutheran Academy,arizona-lutheran-academy-phoenix-az,Christian School,Other religious,Other Lutheran,Regular,10-UG,10,UG,6036 S 27Th Ave,Phoenix,Maricopa,AZ,85041,(602) 268-8686,,238,238,10.39,Unverified,NCES PSS 2023-24 private school search export,01926277,,Website missing in NCES export; school should claim/update profile.
Arrowhead Christian Academy,arrowhead-christian-academy-glendale-az,Christian School,Other religious,Christian (no specific denomination),Regular,K-UG,K,UG,4030 W Yorkshire Dr,Glendale,Maricopa,AZ,85308,(623) 582-6871,,247,247,16.14,Unverified,NCES PSS 2023-24 private school search export,A0304001,,Website missing in NCES export; school should claim/update profile.
Ascension Lutheran Preschool,ascension-lutheran-preschool-tucson-az,Christian School,Other religious,Evangelical Lutheran Church in America,Early childhood/child care,PK-K,PK,K,1220 W Magee Rd,Tucson,Pima,AZ,85704,(520) 742-6229,,126,18,18,Unverified,NCES PSS 2023-24 private school search export,A0100466,,Website missing in NCES export; school should claim/update profile.
Atonement Lutheran,atonement-lutheran-glendale-az,Christian School,Other religious,Evangelical Lutheran Church in America,Regular,PK-9,PK,9,4001 W Beardsley Rd,Glendale,Maricopa,AZ,85308,(623) 374-3019,,106,73,10.57,Unverified,NCES PSS 2023-24 private school search export,K9300083,,Website missing in NCES export; school should claim/update profile.
Beautiful Savior Academy,beautiful-savior-academy-tucson-az,Christian School,Other religious,Wisconsin Evangelical Lutheran Synod,Early childhood/child care,PK-TK,PK,TK,7570 N Thornydale Rd,Tucson,Pima,AZ,85752,(520) 579-1453,,59,18,18,Unverified,NCES PSS 2023-24 private school search export,A9703805,,Website missing in NCES export; school should claim/update profile.
Blessed Sacrament Preschool & Kindergarten,blessed-sacrament-preschool-kindergarten-scottsdale-az,Christian School,Catholic,Roman Catholic,Early childhood/child care,K,K,K,11300 N 64Th St,Scottsdale,Maricopa,AZ,85254,(480) 998-9466,,10,10,5,Unverified,NCES PSS 2023-24 private school search export,A9703808,,Website missing in NCES export; school should claim/update profile.
Bourgade Catholic High School,bourgade-catholic-high-school-phoenix-az,Christian School,Catholic,Roman Catholic,Regular,10-UG,10,UG,4602 N 31St Ave,Phoenix,Maricopa,AZ,85017,(602) 973-4000,,330,330,9.73,Unverified,NCES PSS 2023-24 private school search export,00031425,,Website missing in NCES export; school should claim/update profile.
Brophy College Preparatory,brophy-college-preparatory-phoenix-az,Christian School,Catholic,Roman Catholic,Regular,7-UG,7,UG,4701 N Central Ave,Phoenix,Maricopa,AZ,85012,(602) 264-5291,,1402,1402,13.37,Unverified,NCES PSS 2023-24 private school search export,00031414,,Website missing in NCES export; school should claim/update profile.
Calvary Chapel Christian School,calvary-chapel-christian-school-tucson-az,Christian School,Other religious,Christian (no specific denomination),Regular,K-UG,K,UG,8725 E Speedway Blvd,Tucson,Pima,AZ,85710,(520) 731-2100,,225,225,17.3,Unverified,NCES PSS 2023-24 private school search export,A0700037,,Website missing in NCES export; school should claim/update profile.
Calvery Chapel Christian School,calvery-chapel-christian-school-tucson-az,Christian School,Other religious,Christian (no specific denomination),Regular,K-UG,K,UG,8752 E Speedway Blvd,Tucson,Pima,AZ,85710,(520) 731-2100,,230,230,17.69,Unverified,NCES PSS 2023-24 private school search export,A1792001,,Website missing in NCES export; school should claim/update profile.
Cammack Christian Academy,cammack-christian-academy-laveen-az,Christian School,Other religious,Christian (no specific denomination),Regular,K-7,K,7,4950 W Southern Ave,Laveen,Maricopa,AZ,85339,(602) 237-3333,,11,11,11,Unverified,NCES PSS 2023-24 private school search export,BB220027,,Website missing in NCES export; school should claim/update profile.
Carden Christian Academy Central,carden-christian-academy-central-tucson-az,Christian School,Other religious,Christian (no specific denomination),Regular,PK-9,PK,9,2727 N Swan Rd,Tucson,Pima,AZ,85712,(520) 318-3824,,61,53,11.52,Unverified,NCES PSS 2023-24 private school search export,A0100495,,Website missing in NCES export; school should claim/update profile.
Carefree Christian Academy,carefree-christian-academy-cave-creek-az,Christian School,Other religious,Christian (no specific denomination),Regular,PK-UG,PK,UG,5025 E Carefree Hwy,Cave Creek,Maricopa,AZ,85331,(480) 553-0856,,79,71,6.76,Unverified,NCES PSS 2023-24 private school search export,A2100163,,Website missing in NCES export; school should claim/update profile.
Caritas Academy,caritas-academy-chandler-az,Christian School,Other religious,Christian (no specific denomination),Regular,K-10,K,10,301 N Hartford St,Chandler,Maricopa,AZ,85225,(480) 808-0557,,118,118,10.63,Unverified,NCES PSS 2023-24 private school search export,A2300038,,Website missing in NCES export; school should claim/update profile.
Casas Christian School,casas-christian-school-oro-valley-az,Christian School,Other religious,Christian (no specific denomination),,K-9,K,9,10801 N La Cholla Blvd,Oro Valley,Pima,AZ,85742,(520) 297-0922,,408,408,,Unverified,NCES PSS 2023-24 private school search export,02004105,,Website missing in NCES export; school should claim/update profile.
Chaparral Christia Community Schools,chaparral-christia-community-schools-scottsdale-az,Christian School,Other religious,Christian (no specific denomination),Regular,K-7,K,7,6451 E Shea Blvd,Scottsdale,Maricopa,AZ,85254,(480) 991-6440,,39,39,19.5,Unverified,NCES PSS 2023-24 private school search export,A0507016,,Website missing in NCES export; school should claim/update profile.
Cheder Lubavitch Arizona,cheder-lubavitch-arizona-phoenix-az,Christian School,Other religious,Latter Day Saints,Regular,2-9,2,9,2118 E Lincoln Dr,Phoenix,Maricopa,AZ,85016,(602) 422-0341,,116,116,5.44,Unverified,NCES PSS 2023-24 private school search export,BB220002,Yes,Website missing in NCES export; school should claim/update profile.
Christ Church School,christ-church-school-paradise-valley-az,Christian School,Other religious,Friends,Regular,PK-4,PK,4,4015 E Lincoln Dr,Paradise Valley,Maricopa,AZ,85253,(602) 381-9906,,184,46,6.05,Unverified,NCES PSS 2023-24 private school search export,A1100028,,Website missing in NCES export; school should claim/update profile.
Christ Lutheran School,christ-lutheran-school-phoenix-az,Christian School,Other religious,Evangelical Lutheran Church in America,Regular,PK-9,PK,9,3901 E Indian School Rd,Phoenix,Maricopa,AZ,85018,(602) 957-7010,,609,500,15.87,Unverified,NCES PSS 2023-24 private school search export,00031844,,Website missing in NCES export; school should claim/update profile.
Christ Lutheran Vail Ec And Edu Creation School,christ-lutheran-vail-ec-and-edu-creation-school-vail-az,Christian School,Other religious,Evangelical Lutheran Church in America,Regular,PK-6,PK,6,14600 E Colossal Cave Rd,Vail,Pima,AZ,85641,(520) 468-7075,,79,59,7.56,Unverified,NCES PSS 2023-24 private school search export,A2100165,,Website missing in NCES export; school should claim/update profile.
Christ The King School,christ-the-king-school-mesa-az,Christian School,Catholic,Roman Catholic,Regular,PK-9,PK,9,1551 E Dana Ave,Mesa,Maricopa,AZ,85204,(480) 844-4410,,202,185,14.68,Unverified,NCES PSS 2023-24 private school search export,A9900116,,Website missing in NCES export; school should claim/update profile.
Cochise SDA Christian School,cochise-sda-christian-school-bisbee-az,Christian School,Other religious,Other Christian/Religious,Regular,2-8,2,8,1462 S Naco Hwy,Bisbee,Cochise,AZ,85603,(520) 432-9186,,11,11,6.87,Unverified,NCES PSS 2023-24 private school search export,A1900102,Yes,Website missing in NCES export; school should claim/update profile.
Covenant Child Care Center,covenant-child-care-center-phoenix-az,Christian School,Other religious,Christian (no specific denomination),Early childhood/child care,PK-K,PK,K,4601 N 34Th St,Phoenix,Maricopa,AZ,85018,(602) 421-7192,,42,8,8,Unverified,NCES PSS 2023-24 private school search export,A0507024,,Website missing in NCES export; school should claim/update profile.
Cross Of Glory Lutheran School,cross-of-glory-lutheran-school-peoria-az,Christian School,Other religious,Other Lutheran,Regular,PK-9,PK,9,10111 W Jomax Rd,Peoria,Maricopa,AZ,85383,(623) 224-8841,,181,121,18.33,Unverified,NCES PSS 2023-24 private school search export,A0700041,,Website missing in NCES export; school should claim/update profile.
Desert Christian School,desert-christian-school-tucson-az,Christian School,Other religious,Christian (no specific denomination),Regular,PK-UG,PK,UG,7525 E Speedway Blvd,Tucson,Pima,AZ,85710,(520) 901-5499,,543,503,10.56,Unverified,NCES PSS 2023-24 private school search export,A0304003,,Website missing in NCES export; school should claim/update profile.
Desert Christian Schools PK-12,desert-christian-schools-pk12-tucson-az,Christian School,Other religious,Christian (no specific denomination),,PK-UG,PK,UG,9415 E Wrightstown Rd,Tucson,Pima,AZ,85715,(520) 885-4800,,543,523,,Unverified,NCES PSS 2023-24 private school search export,A1900103,,Website missing in NCES export; school should claim/update profile.
Desert Foothills Lutheran Preschool,desert-foothills-lutheran-preschool-scottsdale-az,Christian School,Other religious,Evangelical Lutheran Church in America,Early childhood/child care,PK-K,PK,K,29305 N Scottsdale Rd,Scottsdale,Maricopa,AZ,85266,(480) 585-8007,,74,19,19,Unverified,NCES PSS 2023-24 private school search export,A2300041,,Website missing in NCES export; school should claim/update profile.
Desert Jewish Academy,desert-jewish-academy-chandler-az,Christian School,Other religious,Latter Day Saints,Regular,K-7,K,7,3400 N Dobson Rd,Chandler,Maricopa,AZ,85224,(480) 390-0971,,19,19,4.75,Unverified,NCES PSS 2023-24 private school search export,A2100170,Yes,Website missing in NCES export; school should claim/update profile.
Desert Light Christian Academy,desert-light-christian-academy-bullhead-city-az,Christian School,Other religious,Christian (no specific denomination),Regular,K-9,K,9,1690 Newberry Dr,Bullhead City,Mohave,AZ,86442,(928) 754-0160,,61,61,15.25,Unverified,NCES PSS 2023-24 private school search export,A2392058,,Website missing in NCES export; school should claim/update profile.
"Dream City Christian School, Glendale Llc",dream-city-christian-school-glendale-llc-glendale-az,Christian School,Other religious,Assembly of God,Regular,PK-UG,PK,UG,21000 N 75Th Ave,Glendale,Maricopa,AZ,85308,(602) 750-2451,,711,561,12.03,Unverified,NCES PSS 2023-24 private school search export,A1900115,,Website missing in NCES export; school should claim/update profile.
East Fork Lutheran School,east-fork-lutheran-school-whiteriver-az,Christian School,Other religious,Other Lutheran,Regular,K-9,K,9,4325 Fort Apache Rd,Whiteriver,Navajo,AZ,85941,(928) 338-4455,,93,93,11.62,Unverified,NCES PSS 2023-24 private school search export,00032065,,Website missing in NCES export; school should claim/update profile.
East Valley Jcc,east-valley-jcc-chandler-az,Christian School,Other religious,Latter Day Saints,Early childhood/child care,PK-K,PK,K,908 N Alma School Rd,Chandler,Maricopa,AZ,85224,(480) 897-0588,,113,7,4.66,Unverified,NCES PSS 2023-24 private school search export,A2190030,Yes,Website missing in NCES export; school should claim/update profile.
Emmanuel Christian Academy,emmanuel-christian-academy-kingman-az,Christian School,Other religious,Christian (no specific denomination),Regular,PK-9,PK,9,3120 Hualapai Mountain Rd Ste C,Kingman,Mohave,AZ,86401,(928) 681-4220,,268,244,10.04,Unverified,NCES PSS 2023-24 private school search export,A0100517,,Website missing in NCES export; school should claim/update profile.
Emmanuel Lutheran School,emmanuel-lutheran-school-tempe-az,Christian School,Other religious,Other Lutheran,Regular,K-9,K,9,715 W Southern Ave,Tempe,Maricopa,AZ,85282,(480) 967-3991,,137,137,15.22,Unverified,NCES PSS 2023-24 private school search export,00032076,,Website missing in NCES export; school should claim/update profile.
Emmaus Lutheran School,emmaus-lutheran-school-phoenix-az,Christian School,Other religious,Other Lutheran,Regular,PK-9,PK,9,3841 W Sweetwater Ave,Phoenix,Maricopa,AZ,85029,(602) 843-3853,,75,66,12,Unverified,NCES PSS 2023-24 private school search export,00033047,,Website missing in NCES export; school should claim/update profile.
Faith Christian Academy,faith-christian-academy-tucson-az,Christian School,Other religious,Christian (no specific denomination),Regular,7-UG,7,UG,3020 S Mission Rd,Tucson,Pima,AZ,85713,(520) 883-4999,,46,46,6.57,Unverified,NCES PSS 2023-24 private school search export,A1900106,,Website missing in NCES export; school should claim/update profile.
Faith Community Academy,faith-community-academy-tucson-az,Christian School,Other religious,Christian (no specific denomination),Regular,PK-7,PK,7,2551 W Orange Grove Rd,Tucson,Pima,AZ,85741,(520) 742-4189,,146,99,11.12,Unverified,NCES PSS 2023-24 private school search export,A9703841,,Website missing in NCES export; school should claim/update profile.
Faith Lutheran School,faith-lutheran-school-tucson-az,Christian School,Other religious,Evangelical Lutheran Church in America,Regular,PK-9,PK,9,3925 E 5Th St,Tucson,Pima,AZ,85711,(520) 881-0670,,65,51,10.2,Unverified,NCES PSS 2023-24 private school search export,00031833,,Website missing in NCES export; school should claim/update profile.
Family Life Academy,family-life-academy-tucson-az,Christian School,Other religious,Christian (no specific denomination),Regular,K-9,K,9,530 S Pantano Rd,Tucson,Pima,AZ,85710,(520) 296-8989,,110,110,13.09,Unverified,NCES PSS 2023-24 private school search export,A0500072,,Website missing in NCES export; school should claim/update profile.
First Baptist Christian Academy,first-baptist-christian-academy-sierra-vista-az,Christian School,Other religious,Baptist,Regular,PK-12,PK,12,1447 S 7Th St,Sierra Vista,Cochise,AZ,85635,(520) 458-2983,,225,191,11.71,Unverified,NCES PSS 2023-24 private school search export,A9100339,,Website missing in NCES export; school should claim/update profile.
First Southern Christian School,first-southern-christian-school-tucson-az,Christian School,Other religious,Baptist,Regular,PK-7,PK,7,445 E Speedway Blvd,Tucson,Pima,AZ,85705,(520) 624-9797,,82,69,11.5,Unverified,NCES PSS 2023-24 private school search export,02004116,,Website missing in NCES export; school should claim/update profile.
Flagstaff Christian School,flagstaff-christian-school-flagstaff-az,Christian School,Other religious,Christian (no specific denomination),Regular,K-UG,K,UG,3500 N 4Th,Flagstaff,Coconino,AZ,86003,(928) 380-7974,,384,384,14.01,Unverified,NCES PSS 2023-24 private school search export,A0700043,,Website missing in NCES export; school should claim/update profile.
Florence Baptist Academy,florence-baptist-academy-florence-az,Christian School,Other religious,Christian (no specific denomination),Regular,K-UG,K,UG,30 N Willow,Florence,Pinal,AZ,85132,(520) 868-1728,,33,33,4.12,Unverified,NCES PSS 2023-24 private school search export,A0900124,,Website missing in NCES export; school should claim/update profile.
Fourteensix Christian Academy,fourteensix-christian-academy-surprise-az,Christian School,Other religious,Christian (no specific denomination),Regular,K-12,K,12,15175 W Mondell Rd,Surprise,Maricopa,AZ,85374,(623) 248-7285,,104,104,16,Unverified,NCES PSS 2023-24 private school search export,A1990016,,Website missing in NCES export; school should claim/update profile.
Gethsemane Lutheran School,gethsemane-lutheran-school-tempe-az,Christian School,Other religious,Evangelical Lutheran Church in America,Early childhood/child care,PK-TK,PK,TK,1035 E Guadalupe Rd,Tempe,Maricopa,AZ,85283,(480) 839-0906,,70,6,0.5,Unverified,NCES PSS 2023-24 private school search export,02003291,,Website missing in NCES export; school should claim/update profile.
Gilbert Christian Schools - Greenfield Campus,gilbert-christian-schools-greenfield-campus-gilbert-az,Christian School,Other religious,Christian (no specific denomination),,PK-9,PK,9,4341 S Greenfield Rd,Gilbert,Maricopa,AZ,85297,(480) 638-8000,,599,567,,Unverified,NCES PSS 2023-24 private school search export,A1970256,,Website missing in NCES export; school should claim/update profile.
Glenview Adventist Academy,glenview-adventist-academy-phoenix-az,Christian School,Other religious,Other Christian/Religious,Regular,K-9,K,9,6801 N 43Rd Ave,Phoenix,Maricopa,AZ,85019,(623) 931-1846,,151,151,18.87,Unverified,NCES PSS 2023-24 private school search export,00033193,Yes,Website missing in NCES export; school should claim/update profile.
Global Schools Starseed And Urantion Child & Teens,global-schools-starseed-and-urantion-child-teens-rio-rico-az,Christian School,Other religious,Other Religious,Alternative,UG,UG,UG,2074 Pendleton Drive,Rio Rico,Santa Cruz,AZ,85648,(520) 403-6271,,20,20,2.89,Unverified,NCES PSS 2023-24 private school search export,A2192012,Yes,Website missing in NCES export; school should claim/update profile.
Gospel Outreach Christian School,gospel-outreach-christian-school-wickenburg-az,Christian School,Other religious,Other Religious,Regular,2-UG,2,UG,505 W Wickenburg Way,Wickenburg,Maricopa,AZ,85390,(928) 684-5227,,10,10,3.22,Unverified,NCES PSS 2023-24 private school search export,A9100355,Yes,Website missing in NCES export; school should claim/update profile.
Grace Christian Academy,grace-christian-academy-tempe-az,Christian School,Other religious,Christian (no specific denomination),Regular,PK-9,PK,9,1200 E Southern Ave,Tempe,Maricopa,AZ,85282,(480) 966-5022,,338,273,11.42,Unverified,NCES PSS 2023-24 private school search export,A9100356,,Website missing in NCES export; school should claim/update profile.
Grace Lutheran School,grace-lutheran-school-glendale-az,Christian School,Other religious,Other Lutheran,Regular,PK-9,PK,9,5600 W Palmaire Ave,Glendale,Maricopa,AZ,85301,(623) 937-2010,,144,123,17.57,Unverified,NCES PSS 2023-24 private school search export,00032848,,Website missing in NCES export; school should claim/update profile.
Gracepointe Christian Academy,gracepointe-christian-academy-tucson-az,Christian School,Other religious,Christian (no specific denomination),Regular,PK-6,PK,6,5757 W Ajo Hwy,Tucson,Pima,AZ,85735,(520) 578-3249,,76,57,8.38,Unverified,NCES PSS 2023-24 private school search export,A9703817,,Website missing in NCES export; school should claim/update profile.
Great Hearts Christos,great-hearts-christos-gilbert-az,Christian School,Other religious,Christian (no specific denomination),Regular,K-6,K,6,415 N Gilbert Rd,Gilbert,Maricopa,AZ,85234,(602) 819-4796,,102,102,7.28,Unverified,NCES PSS 2023-24 private school search export,A2390012,,Website missing in NCES export; school should claim/update profile.
Great Hearts Christos-Gilbert,great-hearts-christos-gilbert-gilbert-az,Christian School,Other religious,Christian (no specific denomination),Regular,K-6,K,6,415 N Gilbert Rd,Gilbert,Maricopa,AZ,85234,(480) 659-3189,,53,53,8.03,Unverified,NCES PSS 2023-24 private school search export,A2390013,,Website missing in NCES export; school should claim/update profile.
Holbrook Seventh-Day Adventist Indian School,holbrook-seventh-day-adventist-indian-school-holbrook-az,Christian School,Other religious,Other Christian/Religious,Regular,3-UG,3,UG,2001 Mclaws Rd,Holbrook,Navajo,AZ,86025,(928) 524-6845,,72,72,6.48,Unverified,NCES PSS 2023-24 private school search export,00033218,Yes,Website missing in NCES export; school should claim/update profile.
Holy Cross Lutheran School,holy-cross-lutheran-school-phoenix-az,Christian School,Other religious,Mennonite,Regular,K-6,K,6,1420 W Thunderbird Rd,Phoenix,Maricopa,AZ,85023,(623) 688-3141,,5,5,4.54,Unverified,NCES PSS 2023-24 private school search export,A1100032,,Website missing in NCES export; school should claim/update profile.
Holy Family Academy,holy-family-academy-phoenix-az,Christian School,Catholic,Roman Catholic,Regular,K-UG,K,UG,2969 N Greenfield Rd,Phoenix,Maricopa,AZ,85016,(602) 438-6513,,146,146,11.23,Unverified,NCES PSS 2023-24 private school search export,BB220003,,Website missing in NCES export; school should claim/update profile.
Hope Christian Academy,hope-christian-academy-chandler-az,Christian School,Other religious,Christian (no specific denomination),Regular,PK-9,PK,9,1125 N Dobson Rd,Chandler,Maricopa,AZ,85224,(480) 722-1445,,154,136,12.83,Unverified,NCES PSS 2023-24 private school search export,A0500066,,Website missing in NCES export; school should claim/update profile.
Immaculate Conception Catholic School,immaculate-conception-catholic-school-cottonwood-az,Christian School,Catholic,Roman Catholic,Regular,PK-9,PK,9,750 N Bill Gray Rd,Cottonwood,Yavapai,AZ,86326,(928) 210-0029,,205,175,9.02,Unverified,NCES PSS 2023-24 private school search export,A1100045,,Website missing in NCES export; school should claim/update profile.
Immaculate Conception Catholic School,immaculate-conception-catholic-school-yuma-az,Christian School,Catholic,Roman Catholic,Regular,PK-9,PK,9,501 S Ave B,Yuma,Yuma,AZ,85364,(928) 783-5225,,243,227,19.07,Unverified,NCES PSS 2023-24 private school search export,00031039,,Website missing in NCES export; school should claim/update profile.
Immaculate Heart Academy,immaculate-heart-academy-oro-valley-az,Christian School,Catholic,Roman Catholic,,PK-9,PK,9,410 E Magee Rd,Oro Valley,Pima,AZ,85704,(520) 297-6672,,144,136,12.83,Unverified,NCES PSS 2023-24 private school search export,A9100366,,Website missing in NCES export; school should claim/update profile.
Immanuel Mission School,immanuel-mission-school-teec-nos-pos-az,Christian School,Other religious,Christian (no specific denomination),Regular,PK-9,PK,9,2000 S Rd 351,Teec Nos Pos,Apache,AZ,86514,(830) 200-0351,,50,44,3.96,Unverified,NCES PSS 2023-24 private school search export,00032939,,Website missing in NCES export; school should claim/update profile.
Ironwood Hills Christian School,ironwood-hills-christian-school-tucson-az,Christian School,Other religious,Christian (no specific denomination),Special education,K-12,K,12,2245 W Ironwood Hill Dr,Tucson,Pima,AZ,85745,(520) 833-4666,,27,27,3.91,Unverified,NCES PSS 2023-24 private school search export,02004003,,Website missing in NCES export; school should claim/update profile.
Jewell School,jewell-school-queen-creek-az,Christian School,Other religious,Christian (no specific denomination),Special program emphasis,K-11,K,11,26015 S Mandarin,Queen Creek,Maricopa,AZ,85142,(480) 805-1400,,72,72,10.9,Unverified,NCES PSS 2023-24 private school search export,A2192015,,Website missing in NCES export; school should claim/update profile.
John Paul II Catholic High School,john-paul-ii-catholic-high-school-avondale-az,Christian School,Catholic,Roman Catholic,Regular,10-UG,10,UG,3120 N 137 Ave,Avondale,Maricopa,AZ,85392,(623) 233-2777,,370,370,13.21,Unverified,NCES PSS 2023-24 private school search export,A2190036,,Website missing in NCES export; school should claim/update profile.
Lambs Gate Christian School,lambs-gate-christian-school-tucson-az,Christian School,Other religious,Christian (no specific denomination),Early childhood/child care,PK-K,PK,K,4700 N Swan Rd,Tucson,Pima,AZ,85718,(520) 299-2151,,103,4,6.66,Unverified,NCES PSS 2023-24 private school search export,A9700155,,Website missing in NCES export; school should claim/update profile.
Light Of Christ Christian Academy,light-of-christ-christian-academy-gilbert-az,Christian School,Other religious,Christian (no specific denomination),Regular,PK-2,PK,2,6289 S Greenfield Rd,Gilbert,Maricopa,AZ,85298,(480) 899-1400,,78,18,5.8,Unverified,NCES PSS 2023-24 private school search export,A2200001,,Website missing in NCES export; school should claim/update profile.
Logos Christian Academy,logos-christian-academy-casa-grande-az,Christian School,Other religious,Christian (no specific denomination),Regular,K-10,K,10,9745 N Trekell Rd,Casa Grande,Pinal,AZ,85122,(520) 421-1220,,143,143,,Unverified,NCES PSS 2023-24 private school search export,A0992003,,Website missing in NCES export; school should claim/update profile.
Loretto Catholic School,loretto-catholic-school-douglas-az,Christian School,Catholic,Roman Catholic,Regular,K-9,K,9,1200 E 14Th St,Douglas,Cochise,AZ,85607,(520) 364-5754,,222,222,24.66,Unverified,NCES PSS 2023-24 private school search export,00031094,,Website missing in NCES export; school should claim/update profile.
Lourdes Catholic School,lourdes-catholic-school-nogales-az,Christian School,Catholic,Roman Catholic,Regular,PK-UG,PK,UG,555 E Patagonia Hwy,Nogales,Santa Cruz,AZ,85621,(520) 287-5659,,306,292,16.78,Unverified,NCES PSS 2023-24 private school search export,00030873,,Website missing in NCES export; school should claim/update profile.
Maricopa Village Christian School,maricopa-village-christian-school-laveen-az,Christian School,Other religious,Other Christian/Religious,Regular,K-3,K,3,8001 W Baseline Rd,Laveen,Maricopa,AZ,85339,(520) 430-6827,,7,7,7,Unverified,NCES PSS 2023-24 private school search export,A2100189,Yes,Website missing in NCES export; school should claim/update profile.
Maricopa Village Christian School,maricopa-village-christian-school-laveen-az,Christian School,Other religious,Other Christian/Religious,Regular,K-4,K,4,8001 W Baseline Rd,Laveen,Maricopa,AZ,85339,(520) 430-6827,,8,8,8,Unverified,NCES PSS 2023-24 private school search export,BB240305,Yes,Website missing in NCES export; school should claim/update profile.
Mesa Christian Academy,mesa-christian-academy-mesa-az,Christian School,Other religious,Christian (no specific denomination),Regular,K-UG,K,UG,7918 E 1St Ave,Mesa,Maricopa,AZ,85208,(480) 641-1970,,28,28,5.71,Unverified,NCES PSS 2023-24 private school search export,BB220014,,Website missing in NCES export; school should claim/update profile.
Mountain Christian School,mountain-christian-school-show-low-az,Christian School,Other religious,Christian (no specific denomination),Regular,K-9,K,9,700 N Central Ave,Show Low,Navajo,AZ,85901,(928) 537-1050,,133,133,9.92,Unverified,NCES PSS 2023-24 private school search export,A0792004,,Website missing in NCES export; school should claim/update profile.
Native American Christian Academy,native-american-christian-academy-sun-valley-az,Christian School,Other religious,Disciples of Christ,Regular,K-UG,K,UG,8450 Sun Valley Rd,Sun Valley,Navajo,AZ,86029,(928) 524-6211,,28,28,8.48,Unverified,NCES PSS 2023-24 private school search export,00031651,,Website missing in NCES export; school should claim/update profile.
Navajo Mission Preparatory School,navajo-mission-preparatory-school-rock-point-az,Christian School,Other religious,Wisconsin Evangelical Lutheran Synod,Regular,K-4,K,4,1 Mission Ln,Rock Point,Apache,AZ,86545,(928) 659-4201,,18,18,4.61,Unverified,NCES PSS 2023-24 private school search export,00031753,,Website missing in NCES export; school should claim/update profile.
New Covenant Lutheran School,new-covenant-lutheran-school-scottsdale-az,Christian School,Other religious,Wisconsin Evangelical Lutheran Synod,Early childhood/child care,PK-TK,PK,TK,15152 N Frank Lloyd Wright Blvd,Scottsdale,Maricopa,AZ,85260,(480) 391-1264,,127,27,8.7,Unverified,NCES PSS 2023-24 private school search export,A1170268,,Website missing in NCES export; school should claim/update profile.
Noahs Ark Preschool And Kindergarten,noahs-ark-preschool-and-kindergarten-mesa-az,Christian School,Other religious,Wisconsin Evangelical Lutheran Synod,Early childhood/child care,PK-K,PK,K,2745 N 32Nd St,Mesa,Maricopa,AZ,85213,(480) 325-0687,,42,6,6,Unverified,NCES PSS 2023-24 private school search export,A0507074,,Website missing in NCES export; school should claim/update profile.
North Phoenix Baptist Church Preschool,north-phoenix-baptist-church-preschool-phoenix-az,Christian School,Other religious,Christian (no specific denomination),Early childhood/child care,PK-K,PK,K,5757 N Central Ave,Phoenix,Maricopa,AZ,85012,(602) 707-5821,,159,9,9,Unverified,NCES PSS 2023-24 private school search export,A0970036,,Website missing in NCES export; school should claim/update profile.
North Valley Christain Academy,north-valley-christain-academy-phoenix-az,Christian School,Other religious,Evangelical Lutheran Church in America,Regular,PK-UG,PK,UG,33655 N 27Th Dr,Phoenix,Maricopa,AZ,85085,(623) 551-3454,,703,641,16.31,Unverified,NCES PSS 2023-24 private school search export,A0900120,,Website missing in NCES export; school should claim/update profile.
Northland Christian School,northland-christian-school-flagstaff-az,Christian School,Other religious,Baptist,Regular,K-UG,K,UG,8000 N Us Highway 89,Flagstaff,Coconino,AZ,86004,(928) 526-0327,,90,90,8.49,Unverified,NCES PSS 2023-24 private school search export,A1500095,,Website missing in NCES export; school should claim/update profile.
Northwest Christian School,northwest-christian-school-phoenix-az,Christian School,Other religious,Christian (no specific denomination),Regular,PK-UG,PK,UG,16401 N 43Rd Ave,Phoenix,Maricopa,AZ,85053,(602) 978-5134,,1495,1369,17.26,Unverified,NCES PSS 2023-24 private school search export,02003189,,Website missing in NCES export; school should claim/update profile.
Notre Dame Preparatory,notre-dame-preparatory-scottsdale-az,Christian School,Catholic,Roman Catholic,Regular,10-UG,10,UG,9701 E Bell Rd,Scottsdale,Maricopa,AZ,85260,(480) 634-8200,,975,975,12.67,Unverified,NCES PSS 2023-24 private school search export,A0300071,,Website missing in NCES export; school should claim/update profile.
Our Lady Of Mount Carmel School,our-lady-of-mount-carmel-school-tempe-az,Christian School,Catholic,,,PK-9,PK,9,2117 S Rural Rd,Tempe,Maricopa,AZ,85282,(480) 967-5567,,520,448,,Unverified,NCES PSS 2023-24 private school search export,00031232,,Website missing in NCES export; school should claim/update profile.
Our Lady Of Perpetual Help Catholic School,our-lady-of-perpetual-help-catholic-school-scottsdale-az,Christian School,Catholic,Roman Catholic,Regular,PK-9,PK,9,3801 N Miller Rd,Scottsdale,Maricopa,AZ,85251,(480) 874-3721,,319,292,9.79,Unverified,NCES PSS 2023-24 private school search export,00031243,,Website missing in NCES export; school should claim/update profile.
Our Lady Of Perpetual Help Catholic School,our-lady-of-perpetual-help-catholic-school-glendale-az,Christian School,Catholic,Roman Catholic,Regular,PK-9,PK,9,7521 N 57Th Ave,Glendale,Maricopa,AZ,85301,(623) 552-3137,,302,276,13.8,Unverified,NCES PSS 2023-24 private school search export,00031469,,Website missing in NCES export; school should claim/update profile.
Our Lady Of Sorrow Academy,our-lady-of-sorrow-academy-phoenix-az,Christian School,Catholic,Roman Catholic,Regular,K-UG,K,UG,750 E Baseline Rd,Phoenix,Maricopa,AZ,85042,(602) 305-7183,,153,153,7.5,Unverified,NCES PSS 2023-24 private school search export,A1992116,,Website missing in NCES export; school should claim/update profile.
Our Lady Of The Lake Catholic School,our-lady-of-the-lake-catholic-school-lake-havasu-city-az,Christian School,Catholic,Roman Catholic,Regular,PK-8,PK,8,1975 Daytona Ave,Lake Havasu City,Mohave,AZ,86403,(928) 855-0154,,130,112,16,Unverified,NCES PSS 2023-24 private school search export,A1700077,,Website missing in NCES export; school should claim/update profile.
Our Mother Of Sorrows Catholic School,our-mother-of-sorrows-catholic-school-tucson-az,Christian School,Catholic,Roman Catholic,Regular,PK-9,PK,9,1800 S Kolb Rd,Tucson,Pima,AZ,85710,(520) 747-1027,,242,213,15.32,Unverified,NCES PSS 2023-24 private school search export,00030931,,Website missing in NCES export; school should claim/update profile.
Page Christian School,page-christian-school-page-az,Christian School,Other religious,Disciples of Christ,Regular,K-6,K,6,255 Lake Powell Blvd,Page,Coconino,AZ,86040,(928) 645-2195,,15,15,7.5,Unverified,NCES PSS 2023-24 private school search export,A0900145,,Website missing in NCES export; school should claim/update profile.
Paradise For Tots Christian School,paradise-for-tots-christian-school-phoenix-az,Christian School,Other religious,Christian (no specific denomination),Early childhood/child care,PK-K,PK,K,13449 N Tatum Blvd,Phoenix,Maricopa,AZ,85032,(602) 996-9772,,105,20,10,Unverified,NCES PSS 2023-24 private school search export,A1970280,,Website missing in NCES export; school should claim/update profile.
Paradise Valley Christian Preparatory,paradise-valley-christian-preparatory-phoenix-az,Christian School,Other religious,Christian (no specific denomination),Regular,PK-UG,PK,UG,11875 N 24Th St,Phoenix,Maricopa,AZ,85028,(602) 992-8140,,365,292,12.42,Unverified,NCES PSS 2023-24 private school search export,00031695,,Website missing in NCES export; school should claim/update profile.
Pardes Jewish Day School,pardes-jewish-day-school-scottsdale-az,Christian School,Other religious,Latter Day Saints,Special program emphasis,K-9,K,9,12753 N Scottsdale Rd,Scottsdale,Maricopa,AZ,85254,(480) 991-9141,,293,293,7.53,Unverified,NCES PSS 2023-24 private school search export,A0500080,Yes,Website missing in NCES export; school should claim/update profile.
Payson Community Christian School,payson-community-christian-school-payson-az,Christian School,Other religious,Christian (no specific denomination),Regular,PK-9,PK,9,1000 E Frontier St,Payson,Gila,AZ,85541,(928) 474-8050,,183,139,7.89,Unverified,NCES PSS 2023-24 private school search export,A9500134,,Website missing in NCES export; school should claim/update profile.
Peridot-Our Savior'S Lutheran Elementary School,peridot-our-savior-s-lutheran-elementary-school-peridot-az,Christian School,Other religious,Other Lutheran,Regular,K-9,K,9,"Indian Hwy 170, 1 Mile N Of Us Highway 7",Peridot,Gila,AZ,85542,(928) 475-7537,,139,139,15.44,Unverified,NCES PSS 2023-24 private school search export,02001895,,Website missing in NCES export; school should claim/update profile.
Phoenix Christian Elementary,phoenix-christian-elementary-phoenix-az,Christian School,Other religious,Christian (no specific denomination),Regular,PK-UG,PK,UG,4002 N 18Th Ave,Phoenix,Maricopa,AZ,85015,(608) 264-4338,,590,485,29.21,Unverified,NCES PSS 2023-24 private school search export,A2370140,,Website missing in NCES export; school should claim/update profile.
Phoenix Christian Preparatory School,phoenix-christian-preparatory-school-phoenix-az,Christian School,Other religious,Christian (no specific denomination),Regular,PK-UG,PK,UG,1751 W Indian School Rd,Phoenix,Maricopa,AZ,85015,(602) 350-2699,,678,606,14.81,Unverified,NCES PSS 2023-24 private school search export,00031731,,Website missing in NCES export; school should claim/update profile.
Phoenix Christian School Pk-8,phoenix-christian-school-pk-8-phoenix-az,Christian School,Other religious,Calvinist,Regular,PK-9,PK,9,2425 N 26Th St,Phoenix,Maricopa,AZ,85008,(602) 956-9330,,159,144,10.43,Unverified,NCES PSS 2023-24 private school search export,00032054,,Website missing in NCES export; school should claim/update profile.
Phoenix Hebrew Academy,phoenix-hebrew-academy-phoenix-az,Christian School,Other religious,Latter Day Saints,Regular,PK-9,PK,9,515 E Bethany Home Rd,Phoenix,Maricopa,AZ,85012,(160) 227-7747,,173,123,6.91,Unverified,NCES PSS 2023-24 private school search export,A2100201,Yes,Website missing in NCES export; school should claim/update profile.
Pilgrim Lutheran School,pilgrim-lutheran-school-mesa-az,Christian School,Other religious,Other Lutheran,Regular,PK-9,PK,9,3257 E University Dr,Mesa,Maricopa,AZ,85213,(480) 830-1724,,57,46,7.66,Unverified,NCES PSS 2023-24 private school search export,AA900003,,Website missing in NCES export; school should claim/update profile.
Pleasantview Christian Elementary School,pleasantview-christian-elementary-school-phoenix-az,Christian School,Other religious,Christian (no specific denomination),Regular,PK-9,PK,9,4922 S 15Th Ave,Phoenix,Maricopa,AZ,85041,(602) 276-7815,,59,57,11.4,Unverified,NCES PSS 2023-24 private school search export,A9900142,,Website missing in NCES export; school should claim/update profile.
Prescott Adventist Christian School,prescott-adventist-christian-school-prescott-az,Christian School,Other religious,Other Christian/Religious,Regular,K-10,K,10,2980 Willow Creek Rd,Prescott,Yavapai,AZ,86301,(928) 224-8022,,68,68,10,Unverified,NCES PSS 2023-24 private school search export,BB200014,Yes,Website missing in NCES export; school should claim/update profile.
Pusch Ridge Christian Academy Upper School,pusch-ridge-christian-academy-upper-school-tucson-az,Christian School,Other religious,Seventh-Day Adventist,Regular,10-UG,10,UG,9500 N Oracle Rd,Tucson,Pima,AZ,85704,(520) 797-0107,,396,396,11.28,Unverified,NCES PSS 2023-24 private school search export,A0100609,,Website missing in NCES export; school should claim/update profile.
Queen Of All Saints Academy,queen-of-all-saints-academy-youngtown-az,Christian School,Catholic,Roman Catholic,Regular,K-UG,K,UG,12252 N 111Th Ave,Youngtown,Maricopa,AZ,85363,(352) 232-1570,,195,195,10.77,Unverified,NCES PSS 2023-24 private school search export,BB220028,,Website missing in NCES export; school should claim/update profile.
Queen Of Peace Catholic School,queen-of-peace-catholic-school-mesa-az,Christian School,Catholic,Roman Catholic,Regular,PK-9,PK,9,141 N Macdonald,Mesa,Maricopa,AZ,85201,(480) 969-0226,,230,206,16.48,Unverified,NCES PSS 2023-24 private school search export,00031185,,Website missing in NCES export; school should claim/update profile.
Redeemer Christian School,redeemer-christian-school-mesa-az,Christian School,Other religious,Calvinist,Special program emphasis,K-UG,K,UG,719 N Stapley Dr,Mesa,Maricopa,AZ,85203,(480) 962-5003,,88,88,9.16,Unverified,NCES PSS 2023-24 private school search export,A9500142,,Website missing in NCES export; school should claim/update profile.
Redeemer Lutheran School,redeemer-lutheran-school-tucson-az,Christian School,Other religious,Other Lutheran,Regular,PK-9,PK,9,8845 N Silverbell Rd,Tucson,Pima,AZ,85743,(520) 572-8136,,177,135,20.45,Unverified,NCES PSS 2023-24 private school search export,00032622,,Website missing in NCES export; school should claim/update profile.
Resurrection Lutheran Child Development  Center,resurrection-lutheran-child-development-center-oro-valley-az,Christian School,Other religious,Mennonite,Early childhood/child care,PK-K,PK,K,11575 N 1St Ave,Oro Valley,Pima,AZ,85737,(520) 429-5300,,84,12,10.9,Unverified,NCES PSS 2023-24 private school search export,A0100613,,Website missing in NCES export; school should claim/update profile.
Risen Savior Lutheran School,risen-savior-lutheran-school-chandler-az,Christian School,Other religious,Evangelical Lutheran Church in America,Early childhood/child care,PK-K,PK,K,23914 S Alma School Rd,Chandler,Maricopa,AZ,85248,(480) 802-1505,,131,20,20,Unverified,NCES PSS 2023-24 private school search export,A1900137,,Website missing in NCES export; school should claim/update profile.
Sacred Heart Catholic School,sacred-heart-catholic-school-nogales-az,Christian School,Catholic,Roman Catholic,Regular,PK-9,PK,9,207 W Oak St,Nogales,Santa Cruz,AZ,85621,(520) 287-2223,,230,201,22.33,Unverified,NCES PSS 2023-24 private school search export,A1970288,,Website missing in NCES export; school should claim/update profile.
Sacred Heart Catholic School,sacred-heart-catholic-school-prescott-az,Christian School,Catholic,Roman Catholic,Regular,PK-9,PK,9,131 N Summit Ave,Prescott,Yavapai,AZ,86301,(928) 445-2621,,132,111,10.18,Unverified,NCES PSS 2023-24 private school search export,00031254,,Website missing in NCES export; school should claim/update profile.
Saguaro Hills Adventist Christian School,saguaro-hills-adventist-christian-school-tucson-az,Christian School,Other religious,Other Christian/Religious,Regular,PK-9,PK,9,4280 W Irvington Rd,Tucson,Pima,AZ,85746,(520) 325-1454,,28,26,8.38,Unverified,NCES PSS 2023-24 private school search export,A0700052,Yes,Website missing in NCES export; school should claim/update profile.
Saints Peter & Paul School,saints-peter-paul-school-tucson-az,Christian School,Catholic,Roman Catholic,Regular,K-9,K,9,1436 N Campbell Ave,Tucson,Pima,AZ,85719,(520) 325-2431,,344,344,16.94,Unverified,NCES PSS 2023-24 private school search export,A2300050,,Website missing in NCES export; school should claim/update profile.
Salpointe Catholic High School,salpointe-catholic-high-school-tucson-az,Christian School,Catholic,Roman Catholic,Regular,10-UG,10,UG,1545 E Copper St,Tucson,Pima,AZ,85719,(520) 547-4467,,1305,1305,14.12,Unverified,NCES PSS 2023-24 private school search export,00030942,,Website missing in NCES export; school should claim/update profile.
San Francisco De Asis,san-francisco-de-asis-flagstaff-az,Christian School,Catholic,Roman Catholic,Regular,PK-9,PK,9,1600 E Route 66,Flagstaff,Coconino,AZ,86001,(928) 779-1337,,200,176,14.3,Unverified,NCES PSS 2023-24 private school search export,00033003,,Website missing in NCES export; school should claim/update profile.
San Miguel High School,san-miguel-high-school-tucson-az,Christian School,Catholic,Roman Catholic,Regular,10-UG,10,UG,6601 S San Fernando Rd,Tucson,Pima,AZ,85756,(520) 294-6403,,293,293,11.14,Unverified,NCES PSS 2023-24 private school search export,A0500087,,Website missing in NCES export; school should claim/update profile.
Santa Cruz Catholic School,santa-cruz-catholic-school-tucson-az,Christian School,Catholic,Roman Catholic,Regular,K-9,K,9,29 W 22Nd St,Tucson,Pima,AZ,85713,(520) 624-2093,,152,152,16.88,Unverified,NCES PSS 2023-24 private school search export,00030964,,Website missing in NCES export; school should claim/update profile.
Scottsdale Christian Academy,scottsdale-christian-academy-phoenix-az,Christian School,Other religious,Christian (no specific denomination),Regular,PK-UG,PK,UG,14400 N Tatum Blvd,Phoenix,Maricopa,AZ,85032,(602) 992-5100,,953,907,13.05,Unverified,NCES PSS 2023-24 private school search export,00032677,,Website missing in NCES export; school should claim/update profile.
Seton Catholic Preparatory,seton-catholic-preparatory-chandler-az,Christian School,Catholic,Roman Catholic,Regular,10-UG,10,UG,1150 N Dobson Rd,Chandler,Maricopa,AZ,85224,(480) 963-1900,,559,559,13.53,Unverified,NCES PSS 2023-24 private school search export,00031491,,Website missing in NCES export; school should claim/update profile.
Shearim Torah High School,shearim-torah-high-school-phoenix-az,Christian School,Other religious,Latter Day Saints,Special program emphasis,10-UG,10,UG,6530 N 7Th St,Phoenix,Maricopa,AZ,85014,(602) 324-3406,,70,70,10.76,Unverified,NCES PSS 2023-24 private school search export,A1170278,Yes,Website missing in NCES export; school should claim/update profile.
Sonshine Christian School,sonshine-christian-school-nogales-az,Christian School,Other religious,Christian (no specific denomination),,PK-6,PK,6,1916 N Frank Reed Rd,Nogales,Santa Cruz,AZ,85621,(520) 281-0356,,90,58,6.44,Unverified,NCES PSS 2023-24 private school search export,A0507092,,Website missing in NCES export; school should claim/update profile.
Southwestern Christian School,southwestern-christian-school-yuma-az,Christian School,Other religious,Christian (no specific denomination),Regular,K-9,K,9,3261 S Ave 6 E,Yuma,Yuma,AZ,85365,(928) 726-3086,,264,264,11,Unverified,NCES PSS 2023-24 private school search export,A9700195,,Website missing in NCES export; school should claim/update profile.
Ss Simon And Jude Cathedral School,ss-simon-and-jude-cathedral-school-phoenix-az,Christian School,Catholic,Roman Catholic,Regular,PK-9,PK,9,6351 N 27Th Ave,Phoenix,Maricopa,AZ,85017,(602) 242-1299,,464,424,19.27,Unverified,NCES PSS 2023-24 private school search export,00031389,,Website missing in NCES export; school should claim/update profile.
St Agnes Catholic School,st-agnes-catholic-school-phoenix-az,Christian School,Catholic,Roman Catholic,Regular,PK-9,PK,9,2311 E Palm Ln,Phoenix,Maricopa,AZ,85006,(602) 244-1451,,167,148,12.33,Unverified,NCES PSS 2023-24 private school search export,00031378,,Website missing in NCES export; school should claim/update profile.
St Ambrose School,st-ambrose-school-tucson-az,Christian School,Catholic,Roman Catholic,Regular,PK-9,PK,9,300 S Tucson Blvd,Tucson,Pima,AZ,85716,(520) 882-8678,,225,218,18.16,Unverified,NCES PSS 2023-24 private school search export,A2100222,,Website missing in NCES export; school should claim/update profile.
St Andrew'S Preschool & Kindergarten,st-andrew-s-preschool-kindergarten-tucson-az,Christian School,Other religious,Seventh-Day Adventist,Early childhood/child care,PK-K,PK,K,7650 N Paseo Del Norte,Tucson,Pima,AZ,85704,(520) 742-2969,,172,15,7.14,Unverified,NCES PSS 2023-24 private school search export,A9500149,,Website missing in NCES export; school should claim/update profile.
St Anthony Of Padua Catholic School,st-anthony-of-padua-catholic-school-casa-grande-az,Christian School,Catholic,Roman Catholic,Regular,PK-9,PK,9,501 E 2Nd St,Casa Grande,Pinal,AZ,85122,(480) 520-3667,,186,153,,Unverified,NCES PSS 2023-24 private school search export,00031108,,Website missing in NCES export; school should claim/update profile.
St Anthony School,st-anthony-school-show-low-az,Christian School,Catholic,Roman Catholic,Regular,PK-9,PK,9,1400 E Owens St,Show Low,Navajo,AZ,85901,(928) 537-4497,,149,131,11.8,Unverified,NCES PSS 2023-24 private school search export,A0700054,,Website missing in NCES export; school should claim/update profile.
St Augustine Catholic High School,st-augustine-catholic-high-school-tucson-az,Christian School,Catholic,Roman Catholic,Regular,10-UG,10,UG,8800 E 22Nd St,Tucson,Pima,AZ,85710,(152) 075-1830,,276,276,12.26,Unverified,NCES PSS 2023-24 private school search export,A0700055,,Website missing in NCES export; school should claim/update profile.
St Catherine Of Siena Catholic School,st-catherine-of-siena-catholic-school-phoenix-az,Christian School,Catholic,Roman Catholic,Regular,K-9,K,9,6413 S Central Ave,Phoenix,Maricopa,AZ,85042,(602) 276-2241,,123,123,123,Unverified,NCES PSS 2023-24 private school search export,00031367,,Website missing in NCES export; school should claim/update profile.
St Charles Apache Mission School,st-charles-apache-mission-school-san-carlos-az,Christian School,Catholic,Roman Catholic,Regular,K-7,K,7,355 San Carlos Ave,San Carlos,Gila,AZ,85550,(928) 475-2449,,115,115,16.42,Unverified,NCES PSS 2023-24 private school search export,00030884,,Website missing in NCES export; school should claim/update profile.
St Cyril Elementary School,st-cyril-elementary-school-tucson-az,Christian School,Catholic,Roman Catholic,Regular,K-9,K,9,4725 E Pima St,Tucson,Pima,AZ,85712,(520) 881-4240,,359,359,12.37,Unverified,NCES PSS 2023-24 private school search export,00030997,,Website missing in NCES export; school should claim/update profile.
St Elizabeth Ann Seton School,st-elizabeth-ann-seton-school-tucson-az,Christian School,Catholic,Roman Catholic,Regular,PK-9,PK,9,8650 N Shannon Rd,Tucson,Pima,AZ,85742,(520) 219-7650,,345,298,10.68,Unverified,NCES PSS 2023-24 private school search export,A1900147,,Website missing in NCES export; school should claim/update profile.
St Francis Of Assisi School,st-francis-of-assisi-school-yuma-az,Christian School,Catholic,Roman Catholic,Regular,PK-9,PK,9,700 W 18Th St,Yuma,Yuma,AZ,85364,(928) 782-1539,,258,243,16.87,Unverified,NCES PSS 2023-24 private school search export,00031061,,Website missing in NCES export; school should claim/update profile.
St Gregory School,st-gregory-school-phoenix-az,Christian School,Catholic,Roman Catholic,Regular,PK-9,PK,9,3440 N 18Th Ave,Phoenix,Maricopa,AZ,85015,(602) 266-9527,,406,353,16.04,Unverified,NCES PSS 2023-24 private school search export,A1990034,,Website missing in NCES export; school should claim/update profile.
St Jerome Elementary School,st-jerome-elementary-school-phoenix-az,Christian School,Catholic,Roman Catholic,Regular,PK-9,PK,9,10815 N 35Th Ave,Phoenix,Maricopa,AZ,85029,(602) 942-5644,,184,160,13.33,Unverified,NCES PSS 2023-24 private school search export,00031334,,Website missing in NCES export; school should claim/update profile.
St John Bosco Catholic,st-john-bosco-catholic-phoenix-az,Christian School,Catholic,Roman Catholic,Regular,PK-9,PK,9,16035 S 48Th St,Phoenix,Maricopa,AZ,85048,(480) 219-4848,,445,375,19.73,Unverified,NCES PSS 2023-24 private school search export,A0500090,,Website missing in NCES export; school should claim/update profile.
St John The Evangelist Catholic School,st-john-the-evangelist-catholic-school-tucson-az,Christian School,Catholic,Roman Catholic,Regular,K-9,K,9,600 W Ajo Way,Tucson,Pima,AZ,85713,(520) 624-3865,,392,392,16.33,Unverified,NCES PSS 2023-24 private school search export,00031006,,Website missing in NCES export; school should claim/update profile.
St John Vianney Catholic School,st-john-vianney-catholic-school-goodyear-az,Christian School,Catholic,Roman Catholic,Regular,PK-9,PK,9,539 E La Pasada Blvd,Goodyear,Maricopa,AZ,85338,(623) 932-2434,,449,387,18.51,Unverified,NCES PSS 2023-24 private school search export,A9500150,,Website missing in NCES export; school should claim/update profile.
St Louis The King Roman Catholic School,st-louis-the-king-roman-catholic-school-glendale-az,Christian School,Catholic,Roman Catholic,Regular,PK-9,PK,9,4331 W Maryland Ave,Glendale,Maricopa,AZ,85301,(162) 393-9426,,208,196,17.81,Unverified,NCES PSS 2023-24 private school search export,00031458,,Website missing in NCES export; school should claim/update profile.
St Marks Early Childhood Center,st-marks-early-childhood-center-tucson-az,Christian School,Other religious,Pentecostal,Early childhood/child care,PK-K,PK,K,1431 W Magee Rd,Tucson,Pima,AZ,85704,(520) 797-2925,,86,14,7.36,Unverified,NCES PSS 2023-24 private school search export,A9703929,,Website missing in NCES export; school should claim/update profile.
St Mary'S Catholic High School,st-mary-s-catholic-high-school-phoenix-az,Christian School,Catholic,Roman Catholic,Regular,10-UG,10,UG,2525 N 3Rd St,Phoenix,Maricopa,AZ,85004,(602) 251-2503,,487,487,13.34,Unverified,NCES PSS 2023-24 private school search export,00031301,,Website missing in NCES export; school should claim/update profile.
St Mary-Basha Catholic School,st-mary-basha-catholic-school-chandler-az,Christian School,Catholic,Roman Catholic,Regular,PK-9,PK,9,200 W Galveston St,Chandler,Maricopa,AZ,85225,(480) 963-4951,,400,366,11.88,Unverified,NCES PSS 2023-24 private school search export,00031505,,Website missing in NCES export; school should claim/update profile.
St Michael'S Parish Day School,st-michael-s-parish-day-school-tucson-az,Christian School,Other religious,Friends,Regular,PK-9,PK,9,602 N Wilmot Rd,Tucson,Pima,AZ,85711,(520) 722-8478,,318,306,8.84,Unverified,NCES PSS 2023-24 private school search export,A9300033,,Website missing in NCES export; school should claim/update profile.
St Peter'S Episcopal Montessori School,st-peter-s-episcopal-montessori-school-litchfield-park-az,Christian School,Other religious,Friends,Montessori,PK-5,PK,5,400 S Old Litchfield Rd,Litchfield Park,Maricopa,AZ,85340,(623) 935-7737,,91,36,12,Unverified,NCES PSS 2023-24 private school search export,A0100636,,Website missing in NCES export; school should claim/update profile.
St Teresa Catholic School,st-teresa-catholic-school-phoenix-az,Christian School,Catholic,Roman Catholic,Regular,PK-9,PK,9,5001 E Thomas Rd,Phoenix,Maricopa,AZ,85018,(602) 840-0010,,356,293,8.74,Unverified,NCES PSS 2023-24 private school search export,A2370154,,Website missing in NCES export; school should claim/update profile.
St Theresa Catholic School,st-theresa-catholic-school-phoenix-az,Christian School,Catholic,Roman Catholic,Regular,PK-9,PK,9,5001 E Thomas Rd,Phoenix,Maricopa,AZ,85018,(602) 840-0010,,356,331,16.55,Unverified,NCES PSS 2023-24 private school search export,00031298,,Website missing in NCES export; school should claim/update profile.
St Thomas Aquinas,st-thomas-aquinas-avondale-az,Christian School,Catholic,Roman Catholic,Regular,PK-9,PK,9,13720 W Thomas Rd,Avondale,Maricopa,AZ,85392,(623) 935-0945,,517,458,14.53,Unverified,NCES PSS 2023-24 private school search export,BB220032,,Website missing in NCES export; school should claim/update profile.
St Thomas The Apostle School,st-thomas-the-apostle-school-phoenix-az,Christian School,Catholic,,,K-9,K,9,4510 N 24Th St,Phoenix,Maricopa,AZ,85016,(602) 954-9089,,489,489,,Unverified,NCES PSS 2023-24 private school search export,00031287,,Website missing in NCES export; school should claim/update profile.
St Timothy Catholic School,st-timothy-catholic-school-mesa-az,Christian School,Catholic,Roman Catholic,Regular,K-9,K,9,2520 S Alma School Rd,Mesa,Maricopa,AZ,85210,(480) 775-2650,,190,190,13.76,Unverified,NCES PSS 2023-24 private school search export,A0304005,,Website missing in NCES export; school should claim/update profile.
St Vincent De Paul Catholic Elementary School,st-vincent-de-paul-catholic-elementary-school-phoenix-az,Christian School,Catholic,Roman Catholic,Regular,PK-9,PK,9,3130 N 51St Ave,Phoenix,Maricopa,AZ,85031,(623) 247-8595,,549,507,18.77,Unverified,NCES PSS 2023-24 private school search export,00031276,,Website missing in NCES export; school should claim/update profile.
Tamim Academy Chandler,tamim-academy-chandler-chandler-az,Christian School,Other religious,Latter Day Saints,Special program emphasis,K-3,K,3,875 N Mcclintock Dr,Chandler,Maricopa,AZ,85226,(480) 855-4333,,14,14,3.88,Unverified,NCES PSS 2023-24 private school search export,A1970247,Yes,Website missing in NCES export; school should claim/update profile.
Tanque Verde Lutheran Preschool & Kindergarten,tanque-verde-lutheran-preschool-kindergarten-tucson-az,Christian School,Other religious,Christian (no specific denomination),Early childhood/child care,PK-K,PK,K,8625 E Tanque Verde Rd,Tucson,Pima,AZ,85749,(520) 749-1738,,113,13,13,Unverified,NCES PSS 2023-24 private school search export,A1500108,,Website missing in NCES export; school should claim/update profile.
Thunderbird Adventist Academy,thunderbird-adventist-academy-scottsdale-az,Christian School,Other religious,Other Christian/Religious,Regular,10-UG,10,UG,7410 E Sutton Dr,Scottsdale,Maricopa,AZ,85260,(480) 948-3300,,131,131,11,Unverified,NCES PSS 2023-24 private school search export,00033331,Yes,Website missing in NCES export; school should claim/update profile.
Thunderbird Christian Elementary School,thunderbird-christian-elementary-school-scottsdale-az,Christian School,Other religious,Other Christian/Religious,Regular,K-9,K,9,7440 E Sutton Dr,Scottsdale,Maricopa,AZ,85260,(480) 991-6705,,96,96,14.76,Unverified,NCES PSS 2023-24 private school search export,AA000211,Yes,Website missing in NCES export; school should claim/update profile.
Torah Day School Of Phoenix,torah-day-school-of-phoenix-phoenix-az,Christian School,Other religious,Latter Day Saints,Regular,PK-9,PK,9,1118 W Glendale Ave,Phoenix,Maricopa,AZ,85021,(602) 374-3062,,412,306,12.28,Unverified,NCES PSS 2023-24 private school search export,A1500113,Yes,Website missing in NCES export; school should claim/update profile.
Tri-City Christian Academy,tri-city-christian-academy-chandler-az,Christian School,Other religious,Baptist,Regular,K-UG,K,UG,2211 W Germann Rd,Chandler,Maricopa,AZ,85286,(480) 245-7902,,263,263,12.76,Unverified,NCES PSS 2023-24 private school search export,00032859,,Website missing in NCES export; school should claim/update profile.
"Trinity Christian School, Inc.",trinity-christian-school-inc-prescott-az,Christian School,Other religious,Christian (no specific denomination),Regular,K-UG,K,UG,1212 Warrior Way,Prescott,Yavapai,AZ,86305,(928) 445-6306,,491,491,245.5,Unverified,NCES PSS 2023-24 private school search export,A0500098,,Website missing in NCES export; school should claim/update profile.
Trinity Lutheran School,trinity-lutheran-school-litchfield-park-az,Christian School,Other religious,Evangelical Lutheran Church in America,Regular,PK-9,PK,9,830 E Plz Cir,Litchfield Park,Maricopa,AZ,85340,(623) 935-4690,,344,233,14.93,Unverified,NCES PSS 2023-24 private school search export,K9300086,,Website missing in NCES export; school should claim/update profile.
Tucson Baptist Academy,tucson-baptist-academy-tucson-az,Christian School,Other religious,Baptist,Regular,K-UG,K,UG,1525 S Columbus Blvd,Tucson,Pima,AZ,85711,(520) 748-2277,,148,148,9.48,Unverified,NCES PSS 2023-24 private school search export,A1592152,,Website missing in NCES export; school should claim/update profile.
Tucson Hebrew Academy,tucson-hebrew-academy-tucson-az,Christian School,Other religious,Latter Day Saints,Regular,K-9,K,9,3888 E River Rd,Tucson,Pima,AZ,85718,(520) 529-3888,,92,92,4.97,Unverified,NCES PSS 2023-24 private school search export,A1900154,Yes,Website missing in NCES export; school should claim/update profile.
United Christian School,united-christian-school-camp-verde-az,Christian School,Other religious,Christian (no specific denomination),Regular,PK-9,PK,9,903 W Finnie Flat Rd,Camp Verde,Yavapai,AZ,86322,(928) 567-0415,,171,132,13.46,Unverified,NCES PSS 2023-24 private school search export,A9700217,,Website missing in NCES export; school should claim/update profile.
Valley Christian High School,valley-christian-high-school-chandler-az,Christian School,Other religious,Christian (no specific denomination),Regular,K-UG,K,UG,6900 W Galveston St,Chandler,Maricopa,AZ,85226,(480) 705-8888,,1114,1114,,Unverified,NCES PSS 2023-24 private school search export,BB220022,,Website missing in NCES export; school should claim/update profile.
Valley Christian Schools,valley-christian-schools-chandler-az,Christian School,Other religious,Christian (no specific denomination),Regular,K-UG,K,UG,6900 W Galveston St,Chandler,Maricopa,AZ,85226,(480) 705-8888,,1138,1138,15.27,Unverified,NCES PSS 2023-24 private school search export,02003327,,Website missing in NCES export; school should claim/update profile.
Valley Lutheran High School,valley-lutheran-high-school-phoenix-az,Christian School,Other religious,Evangelical Lutheran Church in America,Regular,10-UG,10,UG,5199 N 7Th Ave,Phoenix,Maricopa,AZ,85013,(602) 230-1600,,137,137,9.78,Unverified,NCES PSS 2023-24 private school search export,A9100470,,Website missing in NCES export; school should claim/update profile.
Verde Christian Academy,verde-christian-academy-cottonwood-az,Christian School,Other religious,Baptist,Regular,PK-9,PK,9,102 S Willard St,Cottonwood,Yavapai,AZ,86326,(928) 634-8113,,218,184,15.46,Unverified,NCES PSS 2023-24 private school search export,BB200022,,Website missing in NCES export; school should claim/update profile.
Veritas Christian Community School,veritas-christian-community-school-sierra-vista-az,Christian School,Other religious,Christian (no specific denomination),Regular,K-UG,K,UG,3993 S Hwy 92,Sierra Vista,Cochise,AZ,85650,(520) 417-1113,,,,,Unverified,NCES PSS 2023-24 private school search export,A0100657,,Website missing in NCES export; school should claim/update profile.
Ville De Marie Academy,ville-de-marie-academy-scottsdale-az,Christian School,Catholic,Roman Catholic,Regular,K-UG,K,UG,7940 E Roosevelt St,Scottsdale,Maricopa,AZ,85257,(480) 947-9442,,229,229,14.96,Unverified,NCES PSS 2023-24 private school search export,A0900159,,Website missing in NCES export; school should claim/update profile.
Vision Christian Academy,vision-christian-academy-glendale-az,Christian School,Other religious,Baptist,Regular,K-UG,K,UG,13419 W Ocotillo Rd,Glendale,Maricopa,AZ,85307,(602) 696-2729,,52,52,8.12,Unverified,NCES PSS 2023-24 private school search export,A0900160,,Website missing in NCES export; school should claim/update profile.
West Valley Christain School,west-valley-christain-school-goodyear-az,Christian School,Other religious,Christian (no specific denomination),Regular,PK-9,PK,9,16260 W Van Buren St,Goodyear,Maricopa,AZ,85338,(602) 234-2100,,412,351,15.19,Unverified,NCES PSS 2023-24 private school search export,A0900147,,Website missing in NCES export; school should claim/update profile.
Wickenburg Christian Academy,wickenburg-christian-academy-wickenburg-az,Christian School,Other religious,Christian (no specific denomination),Regular,PK-UG,PK,UG,260 W Yavapai St,Wickenburg,Maricopa,AZ,85390,(928) 684-5916,,205,164,9.21,Unverified,NCES PSS 2023-24 private school search export,A9100477,,Website missing in NCES export; school should claim/update profile.
Winslow Christian School,winslow-christian-school-winslow-az,Christian School,Other religious,Christian (no specific denomination),Regular,K-10,K,10,502 Airport Rd,Winslow,Navajo,AZ,86047,(928) 289-9221,,52,52,4.22,Unverified,NCES PSS 2023-24 private school search export,A1300087,,Website missing in NCES export; school should claim/update profile.
Xavier College Preparatory,xavier-college-preparatory-phoenix-az,Christian School,Catholic,Roman Catholic,Regular,10-UG,10,UG,4710 N 5Th St,Phoenix,Maricopa,AZ,85012,(602) 277-3772,,1123,1123,14.39,Unverified,NCES PSS 2023-24 private school search export,00031265,,Website missing in NCES export; school should claim/update profile.
Yeshiva High School Of Arizona,yeshiva-high-school-of-arizona-phoenix-az,Christian School,Other religious,Latter Day Saints,Regular,10-UG,10,UG,7045 N 12Th St,Phoenix,Maricopa,AZ,85020,(602) 266-1213,,46,46,3.38,Unverified,NCES PSS 2023-24 private school search export,A1500117,Yes,Website missing in NCES export; school should claim/update profile.
Yuma Catholic High School,yuma-catholic-high-school-yuma-az,Christian School,Catholic,Roman Catholic,Regular,10-UG,10,UG,2100 W 28Th St,Yuma,Yuma,AZ,85364,(928) 257-3389,,517,517,18.46,Unverified,NCES PSS 2023-24 private school search export,A0300076,,Website missing in NCES export; school should claim/update profile.
Yuma Lutheran School,yuma-lutheran-school-yuma-az,Christian School,Other religious,Evangelical Lutheran Church in America,Regular,PK-9,PK,9,2555 S Engler Ave,Yuma,Yuma,AZ,85365,(928) 726-8410,,480,456,17.67,Unverified,NCES PSS 2023-24 private school search export,00032043,,Website missing in NCES export; school should claim/update profile.
